{
  "data": [
    {
      "Brake": 0,
      "Gear": 6,
      "Lap": 13,
      "LapDistPct": 0.00016384202,
      "Lat": 45.61620832379524,
      "Lon": 9.280745952519924,
      "RPM": 6227.507,
      "Speed": 64.96867,
      "SteeringWheelAngle": -0.022953536,
      "Throttle": 1,
      "VelocityX": 64.968636,
      "VelocityY": 0.06699321
    }
  ]
}
